_id,attendeeCode
5edcadc43a5e79f1488fe618,bubbly-07-guan
5edcadc43a5e79f1488fe619,identical-79-giantsquid
5edcadc43a5e79f1488fe61a,nutty-44-bird
5edcadc43a5e79f1488fe61b,rosy-76-portuguesemano'war
5edcadc43a5e79f1488fe61c,euphoric-38-silverfish
5edcadc43a5e79f1488fe61d,taut-71-guineafowl
5edcadc43a5e79f1488fe61e,mortified-37-mite
5edcadc43a5e79f1488fe61f,male-05-rattlesnake
5edcadc43a5e79f1488fe620,popular-18-scorpion
5edcadc43a5e79f1488fe621,square-52-egret
5edcadc43a5e79f1488fe622,puny-25-swordtail
5edcadc43a5e79f1488fe623,attractive-72-irukandjijellyfish
5edcadc43a5e79f1488fe624,staid-43-wombat
5edcadc43a5e79f1488fe625,limited-06-thrush
5edcadc43a5e79f1488fe626,virtual-86-tyrannosaurus
5edcadc43a5e79f1488fe627,striped-34-dingo
5edcadc43a5e79f1488fe628,dreary-16-jackal
5edcadc43a5e79f1488fe629,realistic-15-boxjellyfish
5edcadc43a5e79f1488fe62a,squeaky-01-constrictor
5edcadc43a5e79f1488fe62b,ecstatic-73-seaslug